,useid,uselabel,envid,envlabel,presid,preslabel,score,distance,confidence,nrf,srf
0,u84,Aquaculture,e2,A3 - Infralittoral rock and other hard substrata,p17,Introduction of non-indigenous species and translocations,0.483333333333,50000.0,0.6,,
1,u84,Aquaculture,e2,A3 - Infralittoral rock and other hard substrata,p2,Smothering,0.45,0.0,0.6,,
2,u84,Aquaculture,e3,A4.7 - Circalittoral rock and other hard substrata,p17,Introduction of non-indigenous species and translocations,0.0,50000.0,0.6,,
3,u84,Aquaculture,e6,A5.13 - Infralittoral coarse sediment,p17,Introduction of non-indigenous species and translocations,0.457142857143,50000.0,0.6,,
4,u84,Aquaculture,e6,A5.13 - Infralittoral coarse sediment,p19,Inputs of organic matter,0.0714285714286,5000.0,0.6,,
5,u84,Aquaculture,e7,A5.14 - Circalittoral coarse sediment,p17,Introduction of non-indigenous species and translocations,0.267592592593,50000.0,0.566666666667,,
6,u84,Aquaculture,e7,A5.14 - Circalittoral coarse sediment,p19,Inputs of organic matter,0.722222222222,5000.0,0.6,,
7,u84,Aquaculture,e8,A5.23 - Infralittoral fine sands,p19,Inputs of organic matter,0.583333333333,1000.0,0.8,,
8,u84,Aquaculture,e8,A5.23 - Infralittoral fine sands,p15,Inputs of fertilisers and other nitrogen and phosphorus-rich substances ,0.444444444444,1000.0,1.0,,
9,u84,Aquaculture,e9,A5.25 - Circalittoral fine sands,p17,Introduction of non-indigenous species and translocations,0.65,0.0,0.6,,
10,u84,Aquaculture,e9,A5.25 - Circalittoral fine sands,p19,Inputs of organic matter,0.722222222222,5000.0,0.6,,
11,u84,Aquaculture,e10,A5.26 - Circalittoral muddy sand,p17,Introduction of non-indigenous species and translocations,0.8,1000.0,0.6,,
12,u84,Aquaculture,e10,A5.26 - Circalittoral muddy sand,p19,Inputs of organic matter,0.5,1000.0,0.6,,
13,u84,Aquaculture,e36,A5.33 - Infralittoral sandy mud,p19,Inputs of organic matter,0.2,0.0,0.6,,
14,u84,Aquaculture,e36,A5.33 - Infralittoral sandy mud,p17,Introduction of non-indigenous species and translocations,0.8,0.0,0.6,,
15,u84,Aquaculture,e37,A5.34 - Infralittoral fine mud,p17,Introduction of non-indigenous species and translocations,0.8,50000.0,0.6,,
16,u84,Aquaculture,e37,A5.34 - Infralittoral fine mud,p19,Inputs of organic matter,0.5,0.0,0.6,,
17,u84,Aquaculture,e11,A5.35 - Circalittoral sandy mud,p17,Introduction of non-indigenous species and translocations,0.805555555556,5000.0,0.6,,
18,u84,Aquaculture,e11,A5.35 - Circalittoral sandy mud,p19,Inputs of organic matter,0.722222222222,5000.0,0.6,,
19,u84,Aquaculture,e12,A5.36 - Circalittoral fine mud,p19,Inputs of organic matter,0.5,0.0,0.6,,
20,u84,Aquaculture,e12,A5.36 - Circalittoral fine mud,p8,Marine litter,0.722222222222,1000.0,0.8,,
21,u84,Aquaculture,e13,A5.38 - Mediterranean biocenosis of muddy detritic bottoms,p22,Generic pressure 2,0.152777777778,0.0,0.2,,
22,u84,Aquaculture,e13,A5.38 - Mediterranean biocenosis of muddy detritic bottoms,p21,Generic pressure 1,0.152777777778,0.0,0.2,,
23,u84,Aquaculture,e15,A5.46 - Mediterranean biocenosis of coastal detritic bottoms,p21,Generic pressure 1,0.5,5000.0,0.2,,
24,u84,Aquaculture,e15,A5.46 - Mediterranean biocenosis of coastal detritic bottoms,p22,Generic pressure 2,0.488888888889,5000.0,0.2,,
25,u84,Aquaculture,e19,A5.531 - Cymodocea beds,p4,Changes in siltation,0.722222222222,5000.0,0.6,,
26,u84,Aquaculture,e19,A5.531 - Cymodocea beds,p19,Inputs of organic matter,0.722222222222,1000.0,0.6,,
27,u84,Aquaculture,e18,A5.535 - Posidonia beds,p15,Inputs of fertilisers and other nitrogen and phosphorus-rich substances ,1.0,1000.0,1.0,,
28,u84,Aquaculture,e18,A5.535 - Posidonia beds,p14,Introduction of other substances,0.916666666667,5000.0,1.0,,
29,u83,Cables and Pipelines,e2,A3 - Infralittoral rock and other hard substrata,p3,Sealing,0.722222222222,0.0,0.8,,
30,u83,Cables and Pipelines,e4,A4.26 - Mediterranean coralligenous communities,p1,"Abrasion (surface, light, heavy) ",0.388888888889,0.0,0.6,,
31,u83,Cables and Pipelines,e4,A4.26 - Mediterranean coralligenous communities,p18,"Selective extraction of species, including incidental non-target catches ",0.388888888889,0.0,0.6,,
32,u83,Cables and Pipelines,e5,A4.27 - Fauna communities on deep moderate energy,p3,Sealing,0.416666666667,0.0,0.8,,
33,u83,Cables and Pipelines,e6,A5.13 - Infralittoral coarse sediment,p1,"Abrasion (surface, light, heavy) ",0.0857142857143,0.0,0.6,,
34,u83,Cables and Pipelines,e8,A5.23 - Infralittoral fine sands,p3,Sealing,0.666666666667,0.0,0.6,,
35,u83,Cables and Pipelines,e12,A5.36 - Circalittoral fine mud,p9,Significant changes in thermal regime,0.5,0.0,0.6,,
36,u83,Cables and Pipelines,e12,A5.36 - Circalittoral fine mud,p2,Smothering,0.2,0.0,0.6,,
37,u83,Cables and Pipelines,e13,A5.38 - Mediterranean biocenosis of muddy detritic bottoms,p22,Generic pressure 2,0.152777777778,0.0,0.2,,
38,u83,Cables and Pipelines,e13,A5.38 - Mediterranean biocenosis of muddy detritic bottoms,p21,Generic pressure 1,0.152777777778,0.0,0.2,,
39,u83,Cables and Pipelines,e15,A5.46 - Mediterranean biocenosis of coastal detritic bottoms,p21,Generic pressure 1,0.488888888889,5000.0,0.2,,
40,u83,Cables and Pipelines,e15,A5.46 - Mediterranean biocenosis of coastal detritic bottoms,p22,Generic pressure 2,0.488888888889,5000.0,0.2,,
41,u83,Cables and Pipelines,e21,A6.3 - Deep-sea sand,p21,Generic pressure 1,0.201666666667,5000.0,0.2,,
42,u83,Cables and Pipelines,e21,A6.3 - Deep-sea sand,p22,Generic pressure 2,0.201666666667,5000.0,0.2,,
43,u83,Cables and Pipelines,e22,A6.4 - Deep-sea muddy sand,p21,Generic pressure 1,0.201666666667,5000.0,0.2,,
44,u83,Cables and Pipelines,e22,A6.4 - Deep-sea muddy sand,p22,Generic pressure 2,0.201666666667,5000.0,0.2,,
45,u83,Cables and Pipelines,e24,A6.511 - Facies of sandy muds with Thenea muricata,p21,Generic pressure 1,0.201666666667,5000.0,0.2,,
46,u83,Cables and Pipelines,e24,A6.511 - Facies of sandy muds with Thenea muricata,p22,Generic pressure 2,0.201666666667,5000.0,0.2,,
47,u76,Coastal and Maritime Tourism,e2,A3 - Infralittoral rock and other hard substrata,p1,"Abrasion (surface, light, heavy) ",0.5,0.0,0.6,,
48,u76,Coastal and Maritime Tourism,e2,A3 - Infralittoral rock and other hard substrata,p17,Introduction of non-indigenous species and translocations,0.483333333333,50000.0,0.6,,
49,u76,Coastal and Maritime Tourism,e4,A4.26 - Mediterranean coralligenous communities,p1,"Abrasion (surface, light, heavy) ",0.75,0.0,0.9,,
50,u76,Coastal and Maritime Tourism,e4,A4.26 - Mediterranean coralligenous communities,p18,"Selective extraction of species, including incidental non-target catches ",0.611111111111,0.0,1.0,,
51,u76,Coastal and Maritime Tourism,e3,A4.7 - Circalittoral rock and other hard substrata,p11,Introduction of synthetic compounds,0.361111111111,5000.0,0.6,,
52,u76,Coastal and Maritime Tourism,e3,A4.7 - Circalittoral rock and other hard substrata,p2,Smothering,0.0,0.0,0.6,,
53,u76,Coastal and Maritime Tourism,e6,A5.13 - Infralittoral coarse sediment,p4,Changes in siltation,0.328472222222,1000.0,0.625,,
54,u76,Coastal and Maritime Tourism,e6,A5.13 - Infralittoral coarse sediment,p19,Inputs of organic matter,0.152777777778,5000.0,0.6,,
55,u76,Coastal and Maritime Tourism,e7,A5.14 - Circalittoral coarse sediment,p11,Introduction of synthetic compounds,0.0,5000.0,0.6,,
56,u76,Coastal and Maritime Tourism,e7,A5.14 - Circalittoral coarse sediment,p19,Inputs of organic matter,0.722222222222,5000.0,0.6,,
57,u76,Coastal and Maritime Tourism,e8,A5.23 - Infralittoral fine sands,p4,Changes in siltation,0.8,0.0,0.6,,
58,u76,Coastal and Maritime Tourism,e8,A5.23 - Infralittoral fine sands,p1,"Abrasion (surface, light, heavy) ",0.275,0.0,0.6,,
59,u76,Coastal and Maritime Tourism,e9,A5.25 - Circalittoral fine sands,p19,Inputs of organic matter,0.583333333333,5000.0,0.7,,
60,u76,Coastal and Maritime Tourism,e9,A5.25 - Circalittoral fine sands,p1,"Abrasion (surface, light, heavy) ",0.2,0.0,0.6,,
61,u76,Coastal and Maritime Tourism,e10,A5.26 - Circalittoral muddy sand,p19,Inputs of organic matter,0.611111111111,5000.0,0.6,,
62,u76,Coastal and Maritime Tourism,e10,A5.26 - Circalittoral muddy sand,p11,Introduction of synthetic compounds,0.722222222222,5000.0,0.6,,
63,u76,Coastal and Maritime Tourism,e36,A5.33 - Infralittoral sandy mud,p19,Inputs of organic matter,0.2,0.0,0.6,,
64,u76,Coastal and Maritime Tourism,e36,A5.33 - Infralittoral sandy mud,p11,Introduction of synthetic compounds,0.5,0.0,0.6,,
65,u76,Coastal and Maritime Tourism,e37,A5.34 - Infralittoral fine mud,p11,Introduction of synthetic compounds,0.722222222222,5000.0,0.6,,
66,u76,Coastal and Maritime Tourism,e37,A5.34 - Infralittoral fine mud,p19,Inputs of organic matter,0.5,0.0,0.6,,
67,u76,Coastal and Maritime Tourism,e11,A5.35 - Circalittoral sandy mud,p19,Inputs of organic matter,0.722222222222,5000.0,0.6,,
68,u76,Coastal and Maritime Tourism,e11,A5.35 - Circalittoral sandy mud,p11,Introduction of synthetic compounds,0.722222222222,5000.0,0.6,,
69,u76,Coastal and Maritime Tourism,e12,A5.36 - Circalittoral fine mud,p1,"Abrasion (surface, light, heavy) ",0.6,0.0,0.6,,
70,u76,Coastal and Maritime Tourism,e12,A5.36 - Circalittoral fine mud,p19,Inputs of organic matter,0.5,0.0,0.6,,
71,u76,Coastal and Maritime Tourism,e13,A5.38 - Mediterranean biocenosis of muddy detritic bottoms,p22,Generic pressure 2,0.152777777778,0.0,0.2,,
72,u76,Coastal and Maritime Tourism,e13,A5.38 - Mediterranean biocenosis of muddy detritic bottoms,p21,Generic pressure 1,0.152777777778,0.0,0.2,,
73,u76,Coastal and Maritime Tourism,e15,A5.46 - Mediterranean biocenosis of coastal detritic bottoms,p22,Generic pressure 2,0.488888888889,5000.0,0.2,,
74,u76,Coastal and Maritime Tourism,e15,A5.46 - Mediterranean biocenosis of coastal detritic bottoms,p21,Generic pressure 1,0.488888888889,5000.0,0.2,,
75,u76,Coastal and Maritime Tourism,e19,A5.531 - Cymodocea beds,p1,"Abrasion (surface, light, heavy) ",0.666666666667,0.0,0.6,,
76,u76,Coastal and Maritime Tourism,e19,A5.531 - Cymodocea beds,p4,Changes in siltation,0.722222222222,5000.0,0.8,,
77,u76,Coastal and Maritime Tourism,e18,A5.535 - Posidonia beds,p2,Smothering,0.805555555556,5000.0,1.0,,
78,u76,Coastal and Maritime Tourism,e18,A5.535 - Posidonia beds,p1,"Abrasion (surface, light, heavy) ",0.8,0.0,0.6,,
79,u76,Coastal and Maritime Tourism,e27,MM - Marine mammals,p7,Underwater noise,0.444444444444,5000.0,0.8,,
80,u76,Coastal and Maritime Tourism,e28,SB - Seabirds,p22,Generic pressure 2,0.488888888889,5000.0,0.2,,
81,u76,Coastal and Maritime Tourism,e28,SB - Seabirds,p21,Generic pressure 1,0.488888888889,5000.0,0.2,,
82,u78,Coastal Defence Work,e2,A3 - Infralittoral rock and other hard substrata,p4,Changes in siltation,0.45,0.0,0.6,,
83,u78,Coastal Defence Work,e2,A3 - Infralittoral rock and other hard substrata,p2,Smothering,0.45,1000.0,0.6,,
84,u78,Coastal Defence Work,e3,A4.7 - Circalittoral rock and other hard substrata,p11,Introduction of synthetic compounds,0.0,5000.0,0.6,,
85,u78,Coastal Defence Work,e3,A4.7 - Circalittoral rock and other hard substrata,p2,Smothering,0.0,1000.0,0.6,,
86,u78,Coastal Defence Work,e6,A5.13 - Infralittoral coarse sediment,p2,Smothering,0.342857142857,1000.0,0.6,,
87,u78,Coastal Defence Work,e6,A5.13 - Infralittoral coarse sediment,p11,Introduction of synthetic compounds,0.0,5000.0,0.6,,
88,u78,Coastal Defence Work,e7,A5.14 - Circalittoral coarse sediment,p2,Smothering,0.722222222222,1000.0,0.6,,
89,u78,Coastal Defence Work,e7,A5.14 - Circalittoral coarse sediment,p11,Introduction of synthetic compounds,0.611111111111,5000.0,0.6,,
90,u78,Coastal Defence Work,e8,A5.23 - Infralittoral fine sands,p2,Smothering,0.2,0.0,0.6,,
91,u78,Coastal Defence Work,e8,A5.23 - Infralittoral fine sands,p11,Introduction of synthetic compounds,0.611111111111,5000.0,0.6,,
92,u78,Coastal Defence Work,e9,A5.25 - Circalittoral fine sands,p2,Smothering,0.35,0.0,0.6,,
93,u78,Coastal Defence Work,e9,A5.25 - Circalittoral fine sands,p11,Introduction of synthetic compounds,0.611111111111,5000.0,0.6,,
94,u78,Coastal Defence Work,e10,A5.26 - Circalittoral muddy sand,p2,Smothering,0.5,0.0,0.6,,
95,u78,Coastal Defence Work,e10,A5.26 - Circalittoral muddy sand,p11,Introduction of synthetic compounds,0.611111111111,5000.0,0.6,,
96,u78,Coastal Defence Work,e36,A5.33 - Infralittoral sandy mud,p2,Smothering,0.275,0.0,0.6,,
97,u78,Coastal Defence Work,e36,A5.33 - Infralittoral sandy mud,p11,Introduction of synthetic compounds,0.5,0.0,0.6,,
98,u78,Coastal Defence Work,e37,A5.34 - Infralittoral fine mud,p2,Smothering,0.275,0.0,0.6,,
99,u78,Coastal Defence Work,e37,A5.34 - Infralittoral fine mud,p11,Introduction of synthetic compounds,0.611111111111,5000.0,0.6,,
100,u78,Coastal Defence Work,e11,A5.35 - Circalittoral sandy mud,p2,Smothering,0.722222222222,1000.0,0.6,,
101,u78,Coastal Defence Work,e11,A5.35 - Circalittoral sandy mud,p11,Introduction of synthetic compounds,0.611111111111,5000.0,0.6,,
102,u78,Coastal Defence Work,e12,A5.36 - Circalittoral fine mud,p11,Introduction of synthetic compounds,0.611111111111,5000.0,0.6,,
103,u78,Coastal Defence Work,e12,A5.36 - Circalittoral fine mud,p2,Smothering,0.2,0.0,0.6,,
104,u78,Coastal Defence Work,e13,A5.38 - Mediterranean biocenosis of muddy detritic bottoms,p22,Generic pressure 2,0.152777777778,0.0,0.2,,
105,u78,Coastal Defence Work,e13,A5.38 - Mediterranean biocenosis of muddy detritic bottoms,p21,Generic pressure 1,0.152777777778,0.0,0.2,,
106,u78,Coastal Defence Work,e15,A5.46 - Mediterranean biocenosis of coastal detritic bottoms,p21,Generic pressure 1,0.488888888889,5000.0,0.2,,
107,u78,Coastal Defence Work,e15,A5.46 - Mediterranean biocenosis of coastal detritic bottoms,p22,Generic pressure 2,0.488888888889,5000.0,0.2,,
108,u78,Coastal Defence Work,e19,A5.531 - Cymodocea beds,p4,Changes in siltation,0.861111111111,1000.0,0.7,,
109,u78,Coastal Defence Work,e19,A5.531 - Cymodocea beds,p1,"Abrasion (surface, light, heavy) ",0.833333333333,0.0,0.8,,
110,u78,Coastal Defence Work,e18,A5.535 - Posidonia beds,p1,"Abrasion (surface, light, heavy) ",0.8,0.0,0.6,,
111,u78,Coastal Defence Work,e18,A5.535 - Posidonia beds,p2,Smothering,0.722222222222,1000.0,0.6,,
112,u86,Flying,e32,GDR - Giant devil ray,p22,Generic pressure 2,0.488888888889,5000.0,0.2,,
113,u86,Flying,e32,GDR - Giant devil ray,p21,Generic pressure 1,0.488888888889,5000.0,0.2,,
114,u86,Flying,e27,MM - Marine mammals,p18,"Selective extraction of species, including incidental non-target catches ",0.333333333333,0.0,0.8,,
115,u86,Flying,e26,NH - Nursery habitats,p18,"Selective extraction of species, including incidental non-target catches ",0.675925925926,0.0,0.666666666667,,
116,u86,Flying,e26,NH - Nursery habitats,p8,Marine litter,0.777777777778,0.0,0.6,,
117,u86,Flying,e28,SB - Seabirds,p22,Generic pressure 2,0.488888888889,0.0,0.2,,
118,u86,Flying,e28,SB - Seabirds,p21,Generic pressure 1,0.488888888889,0.0,0.2,,
119,u86,Flying,e29,TU - Turtles,p18,"Selective extraction of species, including incidental non-target catches ",0.333333333333,0.0,0.8,,
120,u75,Maritime Transport,e2,A3 - Infralittoral rock and other hard substrata,p12,Introduction of non-synthetic substances and compounds,0.0,50000.0,0.6,,
121,u75,Maritime Transport,e2,A3 - Infralittoral rock and other hard substrata,p14,Introduction of other substances,0.0,50000.0,0.6,,
122,u75,Maritime Transport,e4,A4.26 - Mediterranean coralligenous communities,p17,Introduction of non-indigenous species and translocations,0.805555555556,50000.0,1.0,,
123,u75,Maritime Transport,e4,A4.26 - Mediterranean coralligenous communities,p12,Introduction of non-synthetic substances and compounds,0.805555555556,50000.0,1.0,,
124,u75,Maritime Transport,e5,A4.27 - Fauna communities on deep moderate energy,p17,Introduction of non-indigenous species and translocations,0.805555555556,50000.0,0.6,,
125,u75,Maritime Transport,e3,A4.7 - Circalittoral rock and other hard substrata,p17,Introduction of non-indigenous species and translocations,0.0,1000.0,0.6,,
126,u75,Maritime Transport,e3,A4.7 - Circalittoral rock and other hard substrata,p12,Introduction of non-synthetic substances and compounds,0.0,50000.0,0.6,,
127,u75,Maritime Transport,e8,A5.23 - Infralittoral fine sands,p1,"Abrasion (surface, light, heavy) ",0.2,0.0,0.6,,
128,u75,Maritime Transport,e9,A5.25 - Circalittoral fine sands,p1,"Abrasion (surface, light, heavy) ",0.2,0.0,0.6,,
129,u75,Maritime Transport,e10,A5.26 - Circalittoral muddy sand,p1,"Abrasion (surface, light, heavy) ",0.35,0.0,0.6,,
130,u75,Maritime Transport,e11,A5.35 - Circalittoral sandy mud,p1,"Abrasion (surface, light, heavy) ",0.6,0.0,0.6,,
131,u75,Maritime Transport,e12,A5.36 - Circalittoral fine mud,p1,"Abrasion (surface, light, heavy) ",0.6,0.0,0.6,,
132,u75,Maritime Transport,e13,A5.38 - Mediterranean biocenosis of muddy detritic bottoms,p22,Generic pressure 2,0.152777777778,0.0,0.2,,
133,u75,Maritime Transport,e13,A5.38 - Mediterranean biocenosis of muddy detritic bottoms,p21,Generic pressure 1,0.152777777778,0.0,0.2,,
134,u75,Maritime Transport,e15,A5.46 - Mediterranean biocenosis of coastal detritic bottoms,p8,Marine litter,0.527777777778,50000.0,0.4,,
135,u75,Maritime Transport,e15,A5.46 - Mediterranean biocenosis of coastal detritic bottoms,p7,Underwater noise,0.527777777778,0.0,0.4,,
136,u75,Maritime Transport,e16,A5.47 - Mediterranean biocenosis of shelf-edge detritic bottoms,p7,Underwater noise,0.527777777778,0.0,0.4,,
137,u75,Maritime Transport,e16,A5.47 - Mediterranean biocenosis of shelf-edge detritic bottoms,p8,Marine litter,0.527777777778,50000.0,0.4,,
138,u75,Maritime Transport,e19,A5.531 - Cymodocea beds,p4,Changes in siltation,0.805555555556,5000.0,0.4,,
139,u75,Maritime Transport,e18,A5.535 - Posidonia beds,p4,Changes in siltation,0.8,5000.0,0.6,,
140,u75,Maritime Transport,e21,A6.3 - Deep-sea sand,p21,Generic pressure 1,0.488888888889,5000.0,0.2,,
141,u75,Maritime Transport,e21,A6.3 - Deep-sea sand,p22,Generic pressure 2,0.488888888889,5000.0,0.2,,
142,u75,Maritime Transport,e22,A6.4 - Deep-sea muddy sand,p21,Generic pressure 1,0.488888888889,5000.0,0.2,,
143,u75,Maritime Transport,e22,A6.4 - Deep-sea muddy sand,p22,Generic pressure 2,0.488888888889,5000.0,0.2,,
144,u75,Maritime Transport,e24,A6.511 - Facies of sandy muds with Thenea muricata,p21,Generic pressure 1,0.488888888889,5000.0,0.2,,
145,u75,Maritime Transport,e24,A6.511 - Facies of sandy muds with Thenea muricata,p22,Generic pressure 2,0.488888888889,5000.0,0.2,,
146,u75,Maritime Transport,e23,A6.51 - Meditteranean communities of bathyal muds,p21,Generic pressure 1,0.488888888889,5000.0,0.2,,
147,u75,Maritime Transport,e23,A6.51 - Meditteranean communities of bathyal muds,p22,Generic pressure 2,0.488888888889,5000.0,0.2,,
148,u75,Maritime Transport,e27,MM - Marine mammals,p7,Underwater noise,0.685185185185,50000.0,0.666666666667,,
149,u75,Maritime Transport,e27,MM - Marine mammals,p8,Marine litter,0.611111111111,20000.0,0.8,,
150,u75,Maritime Transport,e28,SB - Seabirds,p22,Generic pressure 2,0.488888888889,5000.0,0.2,,
151,u75,Maritime Transport,e28,SB - Seabirds,p21,Generic pressure 1,0.488888888889,5000.0,0.2,,
152,u75,Maritime Transport,e29,TU - Turtles,p8,Marine litter,0.694444444444,50000.0,0.8,,
153,u75,Maritime Transport,e29,TU - Turtles,p7,Underwater noise,0.583333333333,50000.0,0.8,,
154,u88,Military Areas,e2,A3 - Infralittoral rock and other hard substrata,p22,Generic pressure 2,0.09,0.0,0.2,,
155,u88,Military Areas,e2,A3 - Infralittoral rock and other hard substrata,p21,Generic pressure 1,0.09,0.0,0.2,,
156,u88,Military Areas,e4,A4.26 - Mediterranean coralligenous communities,p21,Generic pressure 1,0.09,0.0,0.2,,
157,u88,Military Areas,e4,A4.26 - Mediterranean coralligenous communities,p22,Generic pressure 2,0.09,0.0,0.2,,
158,u88,Military Areas,e5,A4.27 - Fauna communities on deep moderate energy,p22,Generic pressure 2,0.09,0.0,0.2,,
159,u88,Military Areas,e5,A4.27 - Fauna communities on deep moderate energy,p21,Generic pressure 1,0.09,0.0,0.2,,
160,u88,Military Areas,e3,A4.7 - Circalittoral rock and other hard substrata,p22,Generic pressure 2,0.09,0.0,0.2,,
161,u88,Military Areas,e3,A4.7 - Circalittoral rock and other hard substrata,p21,Generic pressure 1,0.09,0.0,0.2,,
162,u88,Military Areas,e6,A5.13 - Infralittoral coarse sediment,p21,Generic pressure 1,0.09,0.0,0.2,,
163,u88,Military Areas,e6,A5.13 - Infralittoral coarse sediment,p22,Generic pressure 2,0.09,0.0,0.2,,
164,u88,Military Areas,e7,A5.14 - Circalittoral coarse sediment,p21,Generic pressure 1,0.09,0.0,0.2,,
165,u88,Military Areas,e7,A5.14 - Circalittoral coarse sediment,p22,Generic pressure 2,0.09,0.0,0.2,,
166,u88,Military Areas,e8,A5.23 - Infralittoral fine sands,p21,Generic pressure 1,0.09,0.0,0.2,,
167,u88,Military Areas,e8,A5.23 - Infralittoral fine sands,p22,Generic pressure 2,0.09,0.0,0.2,,
168,u88,Military Areas,e9,A5.25 - Circalittoral fine sands,p21,Generic pressure 1,0.09,0.0,0.2,,
169,u88,Military Areas,e9,A5.25 - Circalittoral fine sands,p22,Generic pressure 2,0.09,0.0,0.2,,
170,u88,Military Areas,e10,A5.26 - Circalittoral muddy sand,p21,Generic pressure 1,0.09,0.0,0.2,,
171,u88,Military Areas,e10,A5.26 - Circalittoral muddy sand,p22,Generic pressure 2,0.09,0.0,0.2,,
172,u88,Military Areas,e36,A5.33 - Infralittoral sandy mud,p21,Generic pressure 1,0.09,0.0,0.2,,
173,u88,Military Areas,e36,A5.33 - Infralittoral sandy mud,p22,Generic pressure 2,0.09,0.0,0.2,,
174,u88,Military Areas,e37,A5.34 - Infralittoral fine mud,p22,Generic pressure 2,0.09,0.0,0.2,,
175,u88,Military Areas,e37,A5.34 - Infralittoral fine mud,p21,Generic pressure 1,0.09,0.0,0.2,,
176,u88,Military Areas,e11,A5.35 - Circalittoral sandy mud,p22,Generic pressure 2,0.09,0.0,0.2,,
177,u88,Military Areas,e11,A5.35 - Circalittoral sandy mud,p21,Generic pressure 1,0.09,0.0,0.2,,
178,u88,Military Areas,e12,A5.36 - Circalittoral fine mud,p11,Introduction of synthetic compounds,0.09,0.0,0.8,,
179,u88,Military Areas,e12,A5.36 - Circalittoral fine mud,p12,Introduction of non-synthetic substances and compounds,0.09,0.0,0.8,,
180,u88,Military Areas,e13,A5.38 - Mediterranean biocenosis of muddy detritic bottoms,p21,Generic pressure 1,0.09,0.0,0.2,,
181,u88,Military Areas,e13,A5.38 - Mediterranean biocenosis of muddy detritic bottoms,p22,Generic pressure 2,0.09,0.0,0.2,,
182,u88,Military Areas,e14,A5.39 - Mediterranean biocenosis of coastal terrigenous muds,p21,Generic pressure 1,0.09,0.0,0.2,,
183,u88,Military Areas,e14,A5.39 - Mediterranean biocenosis of coastal terrigenous muds,p22,Generic pressure 2,0.09,0.0,0.2,,
184,u88,Military Areas,e15,A5.46 - Mediterranean biocenosis of coastal detritic bottoms,p21,Generic pressure 1,0.09,0.0,0.2,,
185,u88,Military Areas,e15,A5.46 - Mediterranean biocenosis of coastal detritic bottoms,p22,Generic pressure 2,0.09,0.0,0.2,,
186,u88,Military Areas,e16,A5.47 - Mediterranean biocenosis of shelf-edge detritic bottoms,p21,Generic pressure 1,0.09,0.0,0.2,,
187,u88,Military Areas,e16,A5.47 - Mediterranean biocenosis of shelf-edge detritic bottoms,p22,Generic pressure 2,0.09,0.0,0.2,,
188,u88,Military Areas,e19,A5.531 - Cymodocea beds,p21,Generic pressure 1,0.09,0.0,0.2,,
189,u88,Military Areas,e19,A5.531 - Cymodocea beds,p22,Generic pressure 2,0.09,0.0,0.2,,
190,u88,Military Areas,e18,A5.535 - Posidonia beds,p21,Generic pressure 1,0.09,0.0,0.2,,
191,u88,Military Areas,e18,A5.535 - Posidonia beds,p22,Generic pressure 2,0.09,0.0,0.2,,
192,u88,Military Areas,e21,A6.3 - Deep-sea sand,p21,Generic pressure 1,0.09,5000.0,0.2,,
193,u88,Military Areas,e21,A6.3 - Deep-sea sand,p21,Generic pressure 1,0.09,5000.0,0.2,,
194,u88,Military Areas,e22,A6.4 - Deep-sea muddy sand,p21,Generic pressure 1,0.09,5000.0,0.2,,
195,u88,Military Areas,e22,A6.4 - Deep-sea muddy sand,p22,Generic pressure 2,0.09,5000.0,0.2,,
196,u88,Military Areas,e24,A6.511 - Facies of sandy muds with Thenea muricata,p21,Generic pressure 1,0.09,5000.0,0.2,,
197,u88,Military Areas,e24,A6.511 - Facies of sandy muds with Thenea muricata,p22,Generic pressure 2,0.09,5000.0,0.2,,
198,u88,Military Areas,e23,A6.51 - Meditteranean communities of bathyal muds,p21,Generic pressure 1,0.09,5000.0,0.2,,
199,u88,Military Areas,e23,A6.51 - Meditteranean communities of bathyal muds,p22,Generic pressure 2,0.09,5000.0,0.2,,
200,u88,Military Areas,e32,GDR - Giant devil ray,p21,Generic pressure 1,0.5,0.0,0.2,,
201,u88,Military Areas,e32,GDR - Giant devil ray,p22,Generic pressure 2,0.5,0.0,0.2,,
202,u88,Military Areas,e27,MM - Marine mammals,p21,Generic pressure 1,0.5,0.0,0.2,,
203,u88,Military Areas,e27,MM - Marine mammals,p22,Generic pressure 2,0.5,0.0,0.2,,
204,u88,Military Areas,e26,NH - Nursery habitats,p21,Generic pressure 1,0.5,0.0,0.2,,
205,u88,Military Areas,e26,NH - Nursery habitats,p22,Generic pressure 2,0.5,0.0,0.2,,
206,u88,Military Areas,e28,SB - Seabirds,p21,Generic pressure 1,0.5,0.0,0.2,,
207,u88,Military Areas,e28,SB - Seabirds,p22,Generic pressure 2,0.5,0.0,0.2,,
208,u88,Military Areas,e29,TU - Turtles,p21,Generic pressure 1,0.5,0.0,0.2,,
209,u88,Military Areas,e29,TU - Turtles,p22,Generic pressure 2,0.5,0.0,0.2,,
210,u77,Naval base activities,e6,A5.13 - Infralittoral coarse sediment,p21,Generic pressure 1,0.8,1000.0,0.2,,
211,u77,Naval base activities,e6,A5.13 - Infralittoral coarse sediment,p22,Generic pressure 2,0.8,1000.0,0.2,,
212,u77,Naval base activities,e7,A5.14 - Circalittoral coarse sediment,p21,Generic pressure 1,0.8,1000.0,0.2,,
213,u77,Naval base activities,e7,A5.14 - Circalittoral coarse sediment,p22,Generic pressure 2,0.8,1000.0,0.2,,
214,u77,Naval base activities,e8,A5.23 - Infralittoral fine sands,p21,Generic pressure 1,0.8,1000.0,0.2,,
215,u77,Naval base activities,e8,A5.23 - Infralittoral fine sands,p22,Generic pressure 2,0.8,1000.0,0.2,,
216,u77,Naval base activities,e9,A5.25 - Circalittoral fine sands,p21,Generic pressure 1,0.8,1000.0,0.2,,
217,u77,Naval base activities,e9,A5.25 - Circalittoral fine sands,p22,Generic pressure 2,0.8,1000.0,0.2,,
218,u77,Naval base activities,e10,A5.26 - Circalittoral muddy sand,p2,Smothering,0.5,0.0,0.6,,
219,u77,Naval base activities,e10,A5.26 - Circalittoral muddy sand,p18,"Selective extraction of species, including incidental non-target catches ",0.5,0.0,0.6,,
220,u77,Naval base activities,e36,A5.33 - Infralittoral sandy mud,p21,Generic pressure 1,0.8,1000.0,0.2,,
221,u77,Naval base activities,e36,A5.33 - Infralittoral sandy mud,p22,Generic pressure 2,0.8,1000.0,0.2,,
222,u77,Naval base activities,e37,A5.34 - Infralittoral fine mud,p21,Generic pressure 1,0.8,1000.0,0.2,,
223,u77,Naval base activities,e37,A5.34 - Infralittoral fine mud,p22,Generic pressure 2,0.8,1000.0,0.2,,
224,u77,Naval base activities,e11,A5.35 - Circalittoral sandy mud,p21,Generic pressure 1,0.8,1000.0,0.2,,
225,u77,Naval base activities,e11,A5.35 - Circalittoral sandy mud,p22,Generic pressure 2,0.8,1000.0,0.2,,
226,u77,Naval base activities,e12,A5.36 - Circalittoral fine mud,p1,"Abrasion (surface, light, heavy) ",0.6,0.0,0.6,,
227,u77,Naval base activities,e12,A5.36 - Circalittoral fine mud,p11,Introduction of synthetic compounds,0.916666666667,0.0,0.8,,
228,u77,Naval base activities,e13,A5.38 - Mediterranean biocenosis of muddy detritic bottoms,p22,Generic pressure 2,0.152777777778,0.0,0.2,,
229,u77,Naval base activities,e13,A5.38 - Mediterranean biocenosis of muddy detritic bottoms,p21,Generic pressure 1,0.152777777778,0.0,0.2,,
230,u77,Naval base activities,e14,A5.39 - Mediterranean biocenosis of coastal terrigenous muds,p21,Generic pressure 1,0.8,1000.0,0.2,,
231,u77,Naval base activities,e14,A5.39 - Mediterranean biocenosis of coastal terrigenous muds,p22,Generic pressure 2,0.8,1000.0,0.2,,
232,u77,Naval base activities,e15,A5.46 - Mediterranean biocenosis of coastal detritic bottoms,p21,Generic pressure 1,0.488888888889,5000.0,0.2,,
233,u77,Naval base activities,e15,A5.46 - Mediterranean biocenosis of coastal detritic bottoms,p22,Generic pressure 2,0.488888888889,5000.0,0.2,,
234,u77,Naval base activities,e16,A5.47 - Mediterranean biocenosis of shelf-edge detritic bottoms,p21,Generic pressure 1,0.8,1000.0,0.2,,
235,u77,Naval base activities,e16,A5.47 - Mediterranean biocenosis of shelf-edge detritic bottoms,p22,Generic pressure 2,0.8,1000.0,0.2,,
236,u77,Naval base activities,e19,A5.531 - Cymodocea beds,p21,Generic pressure 1,0.8,1000.0,0.2,,
237,u77,Naval base activities,e19,A5.531 - Cymodocea beds,p22,Generic pressure 2,0.8,1000.0,0.2,,
238,u77,Naval base activities,e18,A5.535 - Posidonia beds,p21,Generic pressure 1,0.8,1000.0,0.2,,
239,u77,Naval base activities,e18,A5.535 - Posidonia beds,p22,Generic pressure 2,0.8,1000.0,0.2,,
240,u77,Naval base activities,e29,TU - Turtles,p3,Sealing,0.222222222222,0.0,0.4,,
241,u89,Offshore sand deposits,e5,A4.27 - Fauna communities on deep moderate energy,p6,Selective extraction,0.722222222222,1000.0,0.8,,
242,u89,Offshore sand deposits,e8,A5.23 - Infralittoral fine sands,p2,Smothering,0.2,0.0,0.6,,
243,u89,Offshore sand deposits,e8,A5.23 - Infralittoral fine sands,p3,Sealing,0.666666666667,0.0,0.4,,
244,u89,Offshore sand deposits,e9,A5.25 - Circalittoral fine sands,p2,Smothering,0.35,0.0,0.6,,
245,u89,Offshore sand deposits,e9,A5.25 - Circalittoral fine sands,p3,Sealing,0.666666666667,0.0,0.4,,
246,u89,Offshore sand deposits,e10,A5.26 - Circalittoral muddy sand,p12,Introduction of non-synthetic substances and compounds,0.722222222222,1000.0,0.8,,
247,u89,Offshore sand deposits,e10,A5.26 - Circalittoral muddy sand,p4,Changes in siltation,0.722222222222,1000.0,0.8,,
248,u89,Offshore sand deposits,e11,A5.35 - Circalittoral sandy mud,p4,Changes in siltation,0.722222222222,1000.0,0.8,,
249,u89,Offshore sand deposits,e11,A5.35 - Circalittoral sandy mud,p12,Introduction of non-synthetic substances and compounds,0.722222222222,1000.0,0.8,,
250,u89,Offshore sand deposits,e12,A5.36 - Circalittoral fine mud,p4,Changes in siltation,0.8,0.0,0.6,,
251,u89,Offshore sand deposits,e12,A5.36 - Circalittoral fine mud,p12,Introduction of non-synthetic substances and compounds,0.722222222222,1000.0,0.8,,
252,u89,Offshore sand deposits,e13,A5.38 - Mediterranean biocenosis of muddy detritic bottoms,p22,Generic pressure 2,0.152777777778,0.0,0.2,,
253,u89,Offshore sand deposits,e13,A5.38 - Mediterranean biocenosis of muddy detritic bottoms,p21,Generic pressure 1,0.152777777778,0.0,0.2,,
254,u89,Offshore sand deposits,e15,A5.46 - Mediterranean biocenosis of coastal detritic bottoms,p21,Generic pressure 1,0.488888888889,5000.0,0.2,,
255,u89,Offshore sand deposits,e15,A5.46 - Mediterranean biocenosis of coastal detritic bottoms,p22,Generic pressure 2,0.488888888889,5000.0,0.2,,
256,u79,Oil & Gas extraction,e5,A4.27 - Fauna communities on deep moderate energy,p12,Introduction of non-synthetic substances and compounds,0.722222222222,1000.0,0.6,,
257,u79,Oil & Gas extraction,e5,A4.27 - Fauna communities on deep moderate energy,p2,Smothering,0.5,0.0,0.6,,
258,u79,Oil & Gas extraction,e10,A5.26 - Circalittoral muddy sand,p14,Introduction of other substances,0.638888888889,0.0,0.8,,
259,u79,Oil & Gas extraction,e13,A5.38 - Mediterranean biocenosis of muddy detritic bottoms,p14,Introduction of other substances,0.638888888889,0.0,0.8,,
260,u79,Oil & Gas extraction,e13,A5.38 - Mediterranean biocenosis of muddy detritic bottoms,p22,Generic pressure 2,0.152777777778,0.0,0.2,,
261,u79,Oil & Gas extraction,e15,A5.46 - Mediterranean biocenosis of coastal detritic bottoms,p22,Generic pressure 2,0.488888888889,5000.0,0.2,,
262,u79,Oil & Gas extraction,e15,A5.46 - Mediterranean biocenosis of coastal detritic bottoms,p21,Generic pressure 1,0.488888888889,5000.0,0.2,,
263,u79,Oil & Gas extraction,e16,A5.47 - Mediterranean biocenosis of shelf-edge detritic bottoms,p21,Generic pressure 1,0.488888888889,5000.0,0.2,,
264,u79,Oil & Gas extraction,e16,A5.47 - Mediterranean biocenosis of shelf-edge detritic bottoms,p22,Generic pressure 2,0.488888888889,5000.0,0.2,,
265,u79,Oil & Gas extraction,e21,A6.3 - Deep-sea sand,p21,Generic pressure 1,0.201666666667,5000.0,0.2,,
266,u79,Oil & Gas extraction,e21,A6.3 - Deep-sea sand,p22,Generic pressure 2,0.201666666667,5000.0,0.2,,
267,u79,Oil & Gas extraction,e22,A6.4 - Deep-sea muddy sand,p21,Generic pressure 1,0.201666666667,5000.0,0.2,,
268,u79,Oil & Gas extraction,e22,A6.4 - Deep-sea muddy sand,p22,Generic pressure 2,0.201666666667,5000.0,0.2,,
269,u79,Oil & Gas extraction,e24,A6.511 - Facies of sandy muds with Thenea muricata,p21,Generic pressure 1,0.201666666667,5000.0,0.2,,
270,u79,Oil & Gas extraction,e24,A6.511 - Facies of sandy muds with Thenea muricata,p22,Generic pressure 2,0.201666666667,5000.0,0.2,,
271,u79,Oil & Gas extraction,e23,A6.51 - Meditteranean communities of bathyal muds,p21,Generic pressure 1,0.201666666667,5000.0,0.2,,
272,u79,Oil & Gas extraction,e23,A6.51 - Meditteranean communities of bathyal muds,p22,Generic pressure 2,0.201666666667,5000.0,0.2,,
273,u79,Oil & Gas extraction,e27,MM - Marine mammals,p7,Underwater noise,0.722222222222,5000.0,0.7,,
274,u79,Oil & Gas extraction,e28,SB - Seabirds,p22,Generic pressure 2,0.488888888889,5000.0,0.2,,
275,u79,Oil & Gas extraction,e28,SB - Seabirds,p21,Generic pressure 1,0.488888888889,5000.0,0.2,,
276,u87,Small scale fishery,e2,A3 - Infralittoral rock and other hard substrata,p1,"Abrasion (surface, light, heavy) ",0.5,0.0,0.6,,
277,u87,Small scale fishery,e4,A4.26 - Mediterranean coralligenous communities,p18,"Selective extraction of species, including incidental non-target catches ",0.577777777778,5000.0,0.64,,
278,u87,Small scale fishery,e4,A4.26 - Mediterranean coralligenous communities,p1,"Abrasion (surface, light, heavy) ",0.75,0.0,0.9,,
279,u87,Small scale fishery,e3,A4.7 - Circalittoral rock and other hard substrata,p19,Inputs of organic matter,0.0,5000.0,0.6,,
280,u87,Small scale fishery,e6,A5.13 - Infralittoral coarse sediment,p18,"Selective extraction of species, including incidental non-target catches ",0.5,5000.0,0.6,,
281,u87,Small scale fishery,e7,A5.14 - Circalittoral coarse sediment,p21,Generic pressure 1,0.25,0.0,0.2,,
282,u87,Small scale fishery,e7,A5.14 - Circalittoral coarse sediment,p22,Generic pressure 2,0.25,0.0,0.2,,
283,u87,Small scale fishery,e8,A5.23 - Infralittoral fine sands,p18,"Selective extraction of species, including incidental non-target catches ",0.2,0.0,0.6,,
284,u87,Small scale fishery,e8,A5.23 - Infralittoral fine sands,p8,Marine litter,0.694444444444,5000.0,0.4,,
285,u87,Small scale fishery,e9,A5.25 - Circalittoral fine sands,p21,Generic pressure 1,0.25,0.0,0.2,,
286,u87,Small scale fishery,e9,A5.25 - Circalittoral fine sands,p22,Generic pressure 2,0.25,0.0,0.2,,
287,u87,Small scale fishery,e10,A5.26 - Circalittoral muddy sand,p21,Generic pressure 1,0.25,0.0,0.2,,
288,u87,Small scale fishery,e10,A5.26 - Circalittoral muddy sand,p22,Generic pressure 2,0.25,0.0,0.2,,
289,u87,Small scale fishery,e36,A5.33 - Infralittoral sandy mud,p21,Generic pressure 1,0.25,0.0,0.2,,
290,u87,Small scale fishery,e36,A5.33 - Infralittoral sandy mud,p22,Generic pressure 2,0.25,0.0,0.2,,
291,u87,Small scale fishery,e37,A5.34 - Infralittoral fine mud,p4,Changes in siltation,0.8,0.0,0.6,,
292,u87,Small scale fishery,e37,A5.34 - Infralittoral fine mud,p23,Removal of substratum (extraction) ,0.575,0.0,0.6,,
293,u87,Small scale fishery,e11,A5.35 - Circalittoral sandy mud,p21,Generic pressure 1,0.25,0.0,0.2,,
294,u87,Small scale fishery,e11,A5.35 - Circalittoral sandy mud,p22,Generic pressure 2,0.25,0.0,0.2,,
295,u87,Small scale fishery,e12,A5.36 - Circalittoral fine mud,p21,Generic pressure 1,0.25,0.0,0.2,,
296,u87,Small scale fishery,e12,A5.36 - Circalittoral fine mud,p22,Generic pressure 2,0.25,0.0,0.2,,
297,u87,Small scale fishery,e13,A5.38 - Mediterranean biocenosis of muddy detritic bottoms,p22,Generic pressure 2,0.152777777778,0.0,0.2,,
298,u87,Small scale fishery,e13,A5.38 - Mediterranean biocenosis of muddy detritic bottoms,p21,Generic pressure 1,0.152777777778,0.0,0.2,,
299,u87,Small scale fishery,e14,A5.39 - Mediterranean biocenosis of coastal terrigenous muds,p21,Generic pressure 1,0.25,0.0,0.2,,
300,u87,Small scale fishery,e14,A5.39 - Mediterranean biocenosis of coastal terrigenous muds,p22,Generic pressure 2,0.25,0.0,0.2,,
301,u87,Small scale fishery,e15,A5.46 - Mediterranean biocenosis of coastal detritic bottoms,p21,Generic pressure 1,0.488888888889,5000.0,0.2,,
302,u87,Small scale fishery,e15,A5.46 - Mediterranean biocenosis of coastal detritic bottoms,p22,Generic pressure 2,0.488888888889,5000.0,0.2,,
303,u87,Small scale fishery,e16,A5.47 - Mediterranean biocenosis of shelf-edge detritic bottoms,p21,Generic pressure 1,0.25,0.0,0.2,,
304,u87,Small scale fishery,e16,A5.47 - Mediterranean biocenosis of shelf-edge detritic bottoms,p22,Generic pressure 2,0.25,0.0,0.2,,
305,u87,Small scale fishery,e19,A5.531 - Cymodocea beds,p21,Generic pressure 1,0.25,0.0,0.2,,
306,u87,Small scale fishery,e19,A5.531 - Cymodocea beds,p22,Generic pressure 2,0.25,0.0,0.2,,
307,u87,Small scale fishery,e18,A5.535 - Posidonia beds,p17,Introduction of non-indigenous species and translocations,1.0,5000.0,0.4,,
308,u87,Small scale fishery,e18,A5.535 - Posidonia beds,p18,"Selective extraction of species, including incidental non-target catches ",0.305555555556,5000.0,0.4,,
309,u87,Small scale fishery,e27,MM - Marine mammals,p7,Underwater noise,0.388888888889,5000.0,0.6,,
310,u87,Small scale fishery,e27,MM - Marine mammals,p18,"Selective extraction of species, including incidental non-target catches ",0.611111111111,0.0,0.8,,
311,u87,Small scale fishery,e26,NH - Nursery habitats,p18,"Selective extraction of species, including incidental non-target catches ",0.305555555556,0.0,0.7,,
312,u87,Small scale fishery,e28,SB - Seabirds,p22,Generic pressure 2,0.488888888889,0.0,0.2,,
313,u87,Small scale fishery,e28,SB - Seabirds,p21,Generic pressure 1,0.488888888889,0.0,0.2,,
314,u87,Small scale fishery,e29,TU - Turtles,p18,"Selective extraction of species, including incidental non-target catches ",0.388888888889,0.0,0.6,,
315,u85,Trawling,e2,A3 - Infralittoral rock and other hard substrata,p1,"Abrasion (surface, light, heavy) ",0.5,1000.0,0.6,,
316,u85,Trawling,e2,A3 - Infralittoral rock and other hard substrata,p18,"Selective extraction of species, including incidental non-target catches ",0.0,0.0,0.6,,
317,u85,Trawling,e4,A4.26 - Mediterranean coralligenous communities,p1,"Abrasion (surface, light, heavy) ",0.905555555556,0.0,0.84,,
318,u85,Trawling,e4,A4.26 - Mediterranean coralligenous communities,p4,Changes in siltation,1.0,1000.0,1.0,,
319,u85,Trawling,e5,A4.27 - Fauna communities on deep moderate energy,p1,"Abrasion (surface, light, heavy) ",0.722222222222,0.0,0.666666666667,,
320,u85,Trawling,e5,A4.27 - Fauna communities on deep moderate energy,p18,"Selective extraction of species, including incidental non-target catches ",0.805555555556,0.0,0.6,,
321,u85,Trawling,e3,A4.7 - Circalittoral rock and other hard substrata,p1,"Abrasion (surface, light, heavy) ",0.8,1000.0,0.6,,
322,u85,Trawling,e3,A4.7 - Circalittoral rock and other hard substrata,p18,"Selective extraction of species, including incidental non-target catches ",0.0,0.0,0.6,,
323,u85,Trawling,e8,A5.23 - Infralittoral fine sands,p1,"Abrasion (surface, light, heavy) ",0.2,0.0,0.6,,
324,u85,Trawling,e9,A5.25 - Circalittoral fine sands,p4,Changes in siltation,0.8,0.0,0.6,,
325,u85,Trawling,e9,A5.25 - Circalittoral fine sands,p18,"Selective extraction of species, including incidental non-target catches ",0.5,0.0,0.6,,
326,u85,Trawling,e10,A5.26 - Circalittoral muddy sand,p2,Smothering,0.5,0.0,0.6,,
327,u85,Trawling,e10,A5.26 - Circalittoral muddy sand,p1,"Abrasion (surface, light, heavy) ",0.35,0.0,0.6,,
328,u85,Trawling,e36,A5.33 - Infralittoral sandy mud,p1,"Abrasion (surface, light, heavy) ",0.26,0.0,0.6,,
329,u85,Trawling,e36,A5.33 - Infralittoral sandy mud,p2,Smothering,0.275,0.0,0.6,,
330,u85,Trawling,e37,A5.34 - Infralittoral fine mud,p1,"Abrasion (surface, light, heavy) ",0.5,0.0,0.6,,
331,u85,Trawling,e37,A5.34 - Infralittoral fine mud,p2,Smothering,0.275,0.0,0.6,,
332,u85,Trawling,e11,A5.35 - Circalittoral sandy mud,p1,"Abrasion (surface, light, heavy) ",0.833333333333,0.0,0.4,,
333,u85,Trawling,e11,A5.35 - Circalittoral sandy mud,p2,Smothering,0.833333333333,0.0,0.4,,
334,u85,Trawling,e12,A5.36 - Circalittoral fine mud,p4,Changes in siltation,0.801388888889,50000.0,0.6,,
335,u85,Trawling,e12,A5.36 - Circalittoral fine mud,p1,"Abrasion (surface, light, heavy) ",0.6,0.0,0.6,,
336,u85,Trawling,e13,A5.38 - Mediterranean biocenosis of muddy detritic bottoms,p4,Changes in siltation,0.722222222222,10000.0,0.8,,
337,u85,Trawling,e13,A5.38 - Mediterranean biocenosis of muddy detritic bottoms,p22,Generic pressure 2,0.152777777778,0.0,0.2,,
338,u85,Trawling,e14,A5.39 - Mediterranean biocenosis of coastal terrigenous muds,p4,Changes in siltation,0.805555555556,5000.0,0.6,,
339,u85,Trawling,e14,A5.39 - Mediterranean biocenosis of coastal terrigenous muds,p2,Smothering,0.722222222222,20000.0,0.6,,
340,u85,Trawling,e15,A5.46 - Mediterranean biocenosis of coastal detritic bottoms,p18,"Selective extraction of species, including incidental non-target catches ",0.722222222222,0.0,0.6,,
341,u85,Trawling,e15,A5.46 - Mediterranean biocenosis of coastal detritic bottoms,p1,"Abrasion (surface, light, heavy) ",0.722222222222,0.0,0.4,,
342,u85,Trawling,e16,A5.47 - Mediterranean biocenosis of shelf-edge detritic bottoms,p18,"Selective extraction of species, including incidental non-target catches ",0.722222222222,0.0,0.6,,
343,u85,Trawling,e16,A5.47 - Mediterranean biocenosis of shelf-edge detritic bottoms,p1,"Abrasion (surface, light, heavy) ",0.722222222222,0.0,0.4,,
344,u85,Trawling,e19,A5.531 - Cymodocea beds,p1,"Abrasion (surface, light, heavy) ",0.675925925926,1000.0,0.6,,
345,u85,Trawling,e19,A5.531 - Cymodocea beds,p18,"Selective extraction of species, including incidental non-target catches ",0.722222222222,1000.0,0.7,,
346,u85,Trawling,e18,A5.535 - Posidonia beds,p4,Changes in siltation,0.8,1000.0,0.6,,
347,u85,Trawling,e18,A5.535 - Posidonia beds,p1,"Abrasion (surface, light, heavy) ",0.8,0.0,0.6,,
348,u85,Trawling,e21,A6.3 - Deep-sea sand,p1,"Abrasion (surface, light, heavy) ",0.527777777778,0.0,0.6,,
349,u85,Trawling,e23,A6.51 - Meditteranean communities of bathyal muds,p18,"Selective extraction of species, including incidental non-target catches ",0.722222222222,1000.0,0.8,,
350,u85,Trawling,e23,A6.51 - Meditteranean communities of bathyal muds,p2,Smothering,0.805555555556,10000.0,0.6,,
351,u85,Trawling,e32,GDR - Giant devil ray,p22,Generic pressure 2,0.488888888889,5000.0,0.2,,
352,u85,Trawling,e32,GDR - Giant devil ray,p21,Generic pressure 1,0.488888888889,5000.0,0.2,,
353,u85,Trawling,e27,MM - Marine mammals,p18,"Selective extraction of species, including incidental non-target catches ",0.333333333333,0.0,0.8,,
354,u85,Trawling,e26,NH - Nursery habitats,p18,"Selective extraction of species, including incidental non-target catches ",0.675925925926,0.0,0.666666666667,,
355,u85,Trawling,e26,NH - Nursery habitats,p8,Marine litter,0.777777777778,0.0,0.6,,
356,u85,Trawling,e28,SB - Seabirds,p21,Generic pressure 1,0.0,0.0,0.8,,
357,u85,Trawling,e28,SB - Seabirds,p22,Generic pressure 2,0.0,0.0,0.8,,
358,u85,Trawling,e29,TU - Turtles,p18,"Selective extraction of species, including incidental non-target catches ",0.333333333333,0.0,0.8,,
359,u94,Land based activities,e2,A3 - Infralittoral rock and other hard substrata,p19,Inputs of organic matter,0.491666666667,0.0,0.9,,
360,u94,Land based activities,e2,A3 - Infralittoral rock and other hard substrata,p15,Inputs of fertilisers and other nitrogen and phosphorus-rich substances ,0.0333333333333,0.0,0.9,,
361,u94,Land based activities,e4,A4.26 - Mediterranean coralligenous communities,p12,Introduction of non-synthetic substances and compounds,0.805555555556,0.0,0.9,,
362,u94,Land based activities,e5,A4.27 - Fauna communities on deep moderate energy,p12,Introduction of non-synthetic substances and compounds,0.722222222222,0.0,0.9,,
363,u94,Land based activities,e3,A4.7 - Circalittoral rock and other hard substrata,p11,Introduction of synthetic compounds,0.180555555556,0.0,0.9,,
364,u94,Land based activities,e3,A4.7 - Circalittoral rock and other hard substrata,p12,Introduction of non-synthetic substances and compounds,0.0,0.0,0.9,,
365,u94,Land based activities,e6,A5.13 - Infralittoral coarse sediment,p19,Inputs of organic matter,0.112103174603,0.0,0.9,,
366,u94,Land based activities,e6,A5.13 - Infralittoral coarse sediment,p11,Introduction of synthetic compounds,0.0,0.0,0.9,,
367,u94,Land based activities,e7,A5.14 - Circalittoral coarse sediment,p19,Inputs of organic matter,0.722222222222,0.0,0.9,,
368,u94,Land based activities,e7,A5.14 - Circalittoral coarse sediment,p11,Introduction of synthetic compounds,0.305555555556,0.0,0.9,,
369,u94,Land based activities,e8,A5.23 - Infralittoral fine sands,p11,Introduction of synthetic compounds,0.666666666667,0.0,0.9,,
370,u94,Land based activities,e8,A5.23 - Infralittoral fine sands,p15,Inputs of fertilisers and other nitrogen and phosphorus-rich substances ,0.597222222222,0.0,0.9,,
371,u94,Land based activities,e9,A5.25 - Circalittoral fine sands,p11,Introduction of synthetic compounds,0.666666666667,0.0,0.9,,
372,u94,Land based activities,e9,A5.25 - Circalittoral fine sands,p19,Inputs of organic matter,0.652777777778,0.0,0.9,,
373,u94,Land based activities,e10,A5.26 - Circalittoral muddy sand,p11,Introduction of synthetic compounds,0.666666666667,0.0,0.9,,
374,u94,Land based activities,e10,A5.26 - Circalittoral muddy sand,p14,Introduction of other substances,0.638888888889,0.0,0.9,,
375,u94,Land based activities,e36,A5.33 - Infralittoral sandy mud,p11,Introduction of synthetic compounds,0.5,0.0,0.9,,
376,u94,Land based activities,e36,A5.33 - Infralittoral sandy mud,p19,Inputs of organic matter,0.2,0.0,0.9,,
377,u94,Land based activities,e37,A5.34 - Infralittoral fine mud,p11,Introduction of synthetic compounds,0.666666666667,0.0,0.9,,
378,u94,Land based activities,e37,A5.34 - Infralittoral fine mud,p19,Inputs of organic matter,0.5,0.0,0.9,,
379,u94,Land based activities,e11,A5.35 - Circalittoral sandy mud,p19,Inputs of organic matter,0.722222222222,0.0,0.9,,
380,u94,Land based activities,e11,A5.35 - Circalittoral sandy mud,p11,Introduction of synthetic compounds,0.666666666667,0.0,0.9,,
381,u94,Land based activities,e12,A5.36 - Circalittoral fine mud,p11,Introduction of synthetic compounds,0.585,0.0,0.9,,
382,u94,Land based activities,e12,A5.36 - Circalittoral fine mud,p12,Introduction of non-synthetic substances and compounds,0.564166666667,0.0,0.9,,
383,u94,Land based activities,e13,A5.38 - Mediterranean biocenosis of muddy detritic bottoms,p14,Introduction of other substances,0.638888888889,0.0,0.9,,
384,u94,Land based activities,e19,A5.531 - Cymodocea beds,p11,Introduction of synthetic compounds,0.722222222222,0.0,0.9,,
385,u94,Land based activities,e19,A5.531 - Cymodocea beds,p19,Inputs of organic matter,0.722222222222,0.0,0.9,,
386,u94,Land based activities,e18,A5.535 - Posidonia beds,p14,Introduction of other substances,0.916666666667,0.0,0.9,,
387,u94,Land based activities,e18,A5.535 - Posidonia beds,p11,Introduction of synthetic compounds,0.805555555556,0.0,0.9,,
388,u94,Land based activities,e27,MM - Marine mammals,p12,Introduction of non-synthetic substances and compounds,0.638888888889,0.0,0.9,,
